{
    "version": "2025-07-14",
    "name": "deepseekr1_4000_1500_summary",
    "model": "deepseekr1",
    "mean_input_tokens": 4000,
    "stddev_input_tokens": 0,
    "mean_output_tokens": 1500,
    "stddev_output_tokens": 0,
    "num_concurrent_requests": 15,
    "actual_completed_requests": 150,
    "successful_requests": 148,
    "failed_requests": 2,
    "target_completed_requests": 150,
    "results_inter_token_latency_s_quantiles_p25": 0.07345069382667847,
    "results_inter_token_latency_s_quantiles_p50": 0.07656566706081053,
    "results_inter_token_latency_s_quantiles_p75": 0.081603136963647,
    "results_inter_token_latency_s_quantiles_p90": 0.10044519249845736,
    "results_inter_token_latency_s_quantiles_p95": 0.10805296575524825,
    "results_inter_token_latency_s_quantiles_p99": 0.11311749126885214,
    "results_inter_token_latency_s_mean": 0.08048855138408235,
    "results_inter_token_latency_s_min": 0.06594377597318983,
    "results_inter_token_latency_s_max": 0.11437996539642059,
    "results_inter_token_latency_s_stddev": 0.011191232715303066,
    "results_ttft_s_quantiles_p25": 0.7904166057705879,
    "results_ttft_s_quantiles_p50": 1.710698401555419,
    "results_ttft_s_quantiles_p75": 4.055343146435916,
    "results_ttft_s_quantiles_p90": 10.048937224969274,
    "results_ttft_s_quantiles_p95": 15.040670170262455,
    "results_ttft_s_quantiles_p99": 31.693106375448416,
    "results_ttft_s_mean": 4.021003108874366,
    "results_ttft_s_min": 0.5384887121617794,
    "results_ttft_s_max": 57.75388653203845,
    "results_ttft_s_stddev": 6.866039154064061,
    "results_end_to_end_latency_s_quantiles_p25": 123.69636488426477,
    "results_end_to_end_latency_s_quantiles_p50": 127.01869940944016,
    "results_end_to_end_latency_s_quantiles_p75": 136.73181681521237,
    "results_end_to_end_latency_s_quantiles_p90": 165.2349899169058,
    "results_end_to_end_latency_s_quantiles_p95": 180.55090227629992,
    "results_end_to_end_latency_s_quantiles_p99": 189.0455216017738,
    "results_end_to_end_latency_s_mean": 134.65321075297086,
    "results_end_to_end_latency_s_min": 118.82728630676866,
    "results_end_to_end_latency_s_max": 192.16296122595668,
    "results_end_to_end_latency_s_stddev": 18.395276275426312,
    "results_request_output_throughput_token_per_s_quantiles_p25": 12.254180846663676,
    "results_request_output_throughput_token_per_s_quantiles_p50": 13.06027587689879,
    "results_request_output_throughput_token_per_s_quantiles_p75": 13.614083409097333,
    "results_request_output_throughput_token_per_s_quantiles_p90": 13.956738477364558,
    "results_request_output_throughput_token_per_s_quantiles_p95": 14.121355342056852,
    "results_request_output_throughput_token_per_s_quantiles_p99": 14.765750642708586,
    "results_request_output_throughput_token_per_s_mean": 12.62471212530582,
    "results_request_output_throughput_token_per_s_min": 8.742579679673835,
    "results_request_output_throughput_token_per_s_max": 15.16363468778563,
    "results_request_output_throughput_token_per_s_stddev": 1.4683466824665798,
    "results_number_input_tokens_quantiles_p25": 4000.0,
    "results_number_input_tokens_quantiles_p50": 4000.0,
    "results_number_input_tokens_quantiles_p75": 4000.0,
    "results_number_input_tokens_quantiles_p90": 4000.0,
    "results_number_input_tokens_quantiles_p95": 4000.0,
    "results_number_input_tokens_quantiles_p99": 4000.0,
    "results_number_input_tokens_mean": 4000.0,
    "results_number_input_tokens_min": "4000",
    "results_number_input_tokens_max": "4000",
    "results_number_input_tokens_stddev": 0.0,
    "results_number_output_tokens_quantiles_p25": 1639.75,
    "results_number_output_tokens_quantiles_p50": 1663.5,
    "results_number_output_tokens_quantiles_p75": 1702.25,
    "results_number_output_tokens_quantiles_p90": 1753.9,
    "results_number_output_tokens_quantiles_p95": 1773.25,
    "results_number_output_tokens_quantiles_p99": 1803.06,
    "results_number_output_tokens_mean": 1674.2162162162163,
    "results_number_output_tokens_min": "1574",
    "results_number_output_tokens_max": "1804",
    "results_number_output_tokens_stddev": 50.90855354143176,
    "results_num_requests_started": 150,
    "results_error_rate": 0.013333333333333334,
    "results_number_errors": 2,
    "results_error_code_frequency": "{'API_ERROR': 2}",
    "results_mean_output_throughput_token_per_s": 176.96195734827475,
    "results_num_completed_requests": 148,
    "results_num_completed_requests_per_min": 6.341903356361509,
    "use_case": "chatbot",
    "timestamp": 1755187570
}