{
    "version": "2025-07-14",
    "name": "deepseekr1_4000_1500_summary",
    "model": "deepseekr1",
    "mean_input_tokens": 4000,
    "stddev_input_tokens": 0,
    "mean_output_tokens": 1500,
    "stddev_output_tokens": 0,
    "num_concurrent_requests": 20,
    "actual_completed_requests": 200,
    "successful_requests": 21,
    "failed_requests": 179,
    "target_completed_requests": 200,
    "results_inter_token_latency_s_quantiles_p25": 0.07376095509231269,
    "results_inter_token_latency_s_quantiles_p50": 0.07712239940022947,
    "results_inter_token_latency_s_quantiles_p75": 0.10043173412419522,
    "results_inter_token_latency_s_quantiles_p90": 0.11043758401881326,
    "results_inter_token_latency_s_quantiles_p95": 0.1365577216385174,
    "results_inter_token_latency_s_quantiles_p99": 0.14284854831209998,
    "results_inter_token_latency_s_mean": 0.0884159462856561,
    "results_inter_token_latency_s_min": 0.06905105954625694,
    "results_inter_token_latency_s_max": 0.1444212549804956,
    "results_inter_token_latency_s_stddev": 0.022100119338390078,
    "results_ttft_s_quantiles_p25": 2.0727486684918404,
    "results_ttft_s_quantiles_p50": 3.9655105881392956,
    "results_ttft_s_quantiles_p75": 8.007570259273052,
    "results_ttft_s_quantiles_p90": 31.504818692803383,
    "results_ttft_s_quantiles_p95": 36.7717082798481,
    "results_ttft_s_quantiles_p99": 52.559101742506044,
    "results_ttft_s_mean": 10.420407367604119,
    "results_ttft_s_min": 2.0446521639823914,
    "results_ttft_s_max": 56.50595010817051,
    "results_ttft_s_stddev": 14.620692427773156,
    "results_end_to_end_latency_s_quantiles_p25": 123.26186306029558,
    "results_end_to_end_latency_s_quantiles_p50": 127.79832711070776,
    "results_end_to_end_latency_s_quantiles_p75": 167.8277544490993,
    "results_end_to_end_latency_s_quantiles_p90": 181.01464036479592,
    "results_end_to_end_latency_s_quantiles_p95": 235.9761577732861,
    "results_end_to_end_latency_s_quantiles_p99": 238.1834526486695,
    "results_end_to_end_latency_s_mean": 148.56431848130055,
    "results_end_to_end_latency_s_min": 123.23299938812852,
    "results_end_to_end_latency_s_max": 238.73527636751533,
    "results_end_to_end_latency_s_stddev": 36.57656664182575,
    "results_request_output_throughput_token_per_s_quantiles_p25": 9.95663682377875,
    "results_request_output_throughput_token_per_s_quantiles_p50": 12.96574092526729,
    "results_request_output_throughput_token_per_s_quantiles_p75": 13.556686297628312,
    "results_request_output_throughput_token_per_s_quantiles_p90": 13.892382791138354,
    "results_request_output_throughput_token_per_s_quantiles_p95": 14.06944727165877,
    "results_request_output_throughput_token_per_s_quantiles_p99": 14.398981262504977,
    "results_request_output_throughput_token_per_s_mean": 11.863302678637123,
    "results_request_output_throughput_token_per_s_min": 6.923987209394763,
    "results_request_output_throughput_token_per_s_max": 14.481364760216529,
    "results_request_output_throughput_token_per_s_stddev": 2.3669145882283313,
    "results_number_input_tokens_quantiles_p25": 4000.0,
    "results_number_input_tokens_quantiles_p50": 4000.0,
    "results_number_input_tokens_quantiles_p75": 4000.0,
    "results_number_input_tokens_quantiles_p90": 4000.0,
    "results_number_input_tokens_quantiles_p95": 4000.0,
    "results_number_input_tokens_quantiles_p99": 4000.0,
    "results_number_input_tokens_mean": 4000.0,
    "results_number_input_tokens_min": "4000",
    "results_number_input_tokens_max": "4000",
    "results_number_input_tokens_stddev": 0.0,
    "results_number_output_tokens_quantiles_p25": 1653.0,
    "results_number_output_tokens_quantiles_p50": 1671.0,
    "results_number_output_tokens_quantiles_p75": 1712.0,
    "results_number_output_tokens_quantiles_p90": 1734.0,
    "results_number_output_tokens_quantiles_p95": 1737.0,
    "results_number_output_tokens_quantiles_p99": 1775.4,
    "results_number_output_tokens_mean": 1682.3333333333333,
    "results_number_output_tokens_min": "1617",
    "results_number_output_tokens_max": "1785",
    "results_number_output_tokens_stddev": 40.75332297289797,
    "results_num_requests_started": 200,
    "results_error_rate": 0.895,
    "results_number_errors": 179,
    "results_error_code_frequency": "{'API_ERROR': 179}",
    "results_mean_output_throughput_token_per_s": 48.59093279103314,
    "results_num_completed_requests": 21,
    "results_num_completed_requests_per_min": 1.7329835352458816,
    "use_case": "chatbot",
    "timestamp": 1755188630
}