{
  "mean": 0.07809047030656573,
  "std": 0.010511645286023982,
  "min": 0.06432304240581466,
  "max": 0.11336633621766593,
  "p25": 0.07195369283092576,
  "p50": 0.07464846307089419,
  "p75": 0.07879836784092181,
  "p90": 0.0950960536433722,
  "p95": 0.10425975435793806,
  "p99": 0.11180829395819739
}